{
    "Gemmed_SlowDPS_Slot1": {
        "highest": 78.63,
        "lowest": 72.12285714285714
    },
    "Gemmed_FastDPS_Slot1": {
        "highest": 102.14,
        "lowest": 92.33714285714285
    },
    "Everything_Slot1": {
        "highest": 104.1742857142857,
        "lowest": 66.55
    },
    "Gemmed_SlowDPS_Slot2": {
        "highest": 49.73285714285714,
        "lowest": 46.55142857142857
    },
    "Gemmed_FastDPS_Slot2": {
        "highest": 74.42857142857143,
        "lowest": 59.0
    },
    "Everything_Slot2": {
        "highest": 99.47,
        "lowest": 53.82
    },
    "Gemmed_SlowDPS_Slot3": {
        "highest": 53.16142857142857,
        "lowest": 51.10285714285715
    },
    "Gemmed_FastDPS_Slot3": {
        "highest": 83.78,
        "lowest": 73.17
    },
    "Everything_Slot3": {
        "highest": 108.39714285714285,
        "lowest": 64.25
    },
    "Gemmed_SlowDPS_Slot4": {
        "highest": 63.92,
        "lowest": 49.0
    },
    "Gemmed_FastDPS_Slot4": {
        "highest": 83.5,
        "lowest": 51.89
    },
    "Everything_Slot4": {
        "highest": 95.88,
        "lowest": 55.300000000000004
    },
    "Gemmed_SlowDPS_Slot5": {
        "highest": 78.21000000000001,
        "lowest": 72.78714285714285
    },
    "Gemmed_FastDPS_Slot5": {
        "highest": 104.19428571428571,
        "lowest": 80.54
    },
    "Everything_Slot5": {
        "highest": 104.85,
        "lowest": 51.81
    },
    "Gemmed_SlowDPS_Slot6": {
        "highest": 49.14285714285714,
        "lowest": 44.2
    },
    "Gemmed_FastDPS_Slot6": {
        "highest": 74.55857142857143,
        "lowest": 34.72857142857143
    },
    "Everything_Slot6": {
        "highest": 95.84,
        "lowest": 42.92
    }
}